"ensembl_id","baseMean","log2FoldChange","lfcSE","pvalue","padj","hgnc_symbol","description","gene_biotype"
"ENSG00000003989",26.4703131569515,-6.29107120395248,1.24185511208363,8.50253806264272e-08,2.90722631643795e-05,"SLC7A2","myotubularin related protein 7","protein_coding"
"ENSG00000005471",48.8738289415378,-1.6642311685733,0.767266134242549,0.000765862696900029,0.02500714196977,"ABCB4","carnitine O-octanoyltransferase","protein_coding"
"ENSG00000006606",32.1633300713536,1.90252011640878,0.458686974188329,1.44802322297075e-06,0.000259685543873067,"CCL26","putative homeodomain transcription factor 2","protein_coding"
"ENSG00000006747",343.567999164653,3.24605769068171,0.749575050900645,5.64391205883384e-07,0.000124730456500228,"SCIN","elaC ribonuclease Z 2","protein_coding"
"ENSG00000013293",144.942279182006,3.21368317979455,0.546129693014591,1.78998488624079e-10,1.41035243949807e-07,"SLC7A14","mannosidase alpha class 2B member 2","protein_coding"
"ENSG00000019505",7.94934070762482,-2.32949306951919,1.02504875411912,0.000792109844594756,0.0253167806062543,"SYT13","PR/SET domain 11","protein_coding"
"ENSG00000041982",24240.1121871734,-1.06640093772715,0.48674130971799,0.000881071393588448,0.0273999606589432,"TNC","poly(ADP-ribose) polymerase family member 3","protein_coding"
"ENSG00000042832",44.4130986379293,1.45710526952169,0.633271301852929,0.000648000134446672,0.02241041686344,"TG","usherin","protein_coding"
"ENSG00000048540",35.5687159974569,-4.37263541124343,0.885618974197232,4.2253130498615e-08,1.62917283169341e-05,"LMO3","sorting nexin 29","protein_coding"
"ENSG00000050165",4496.40788239238,1.71822742361224,0.265505259568847,4.62806043023994e-12,5.24185694480052e-09,"DKK3","JNK1/MAPK8 associated membrane protein","protein_coding"
"ENSG00000057704",309.125779120944,-1.70864536773556,0.498157790700846,2.90150574913916e-05,0.00252793688393749,"TMCC3","autophagy related 5","protein_coding"
"ENSG00000061656",117.099479104097,1.42172457782042,0.610048267173372,0.00059159723420454,0.0208578308915461,"SPAG4","PR/SET domain 6","protein_coding"
"ENSG00000064195",127.42953870155,-1.60927230979323,0.646482820968471,0.000378789146925065,0.0153223591977143,"DLX3","transmembrane 7 superfamily member 3","protein_coding"
"ENSG00000064547",292.131372716577,1.06279259910521,0.498662039221503,0.00104705398407161,0.0308531907306435,"LPAR2","transmembrane protein 161A","protein_coding"
"ENSG00000070831",105.98465861476,1.02777034598569,0.382816490957671,0.000283327686457474,0.0127924919832898,"CDC42","treacle ribosome biogenesis factor 1","protein_coding"
"ENSG00000072201",94.2023663553709,-1.49141241517823,0.917683221204025,0.00204015553645775,0.0470377845186863,"LNX1","striated muscle enriched protein kinase","protein_coding"
"ENSG00000076554",68.1517612184106,2.1376082950402,0.499156218988692,9.6543569368383e-07,0.000186123677031259,"TPD52","ankyrin repeat domain 13A","protein_coding"
"ENSG00000076706",1703.51876996269,1.70289702195185,0.715726626780489,0.000492932584807547,0.0185330379707103,"MCAM","5'-nucleotidase, cytosolic II","protein_coding"
"ENSG00000079263",106.050568988289,3.15740584526006,2.3693338145239,0.00189159244728962,0.0452235334165995,"SP140","latexin","protein_coding"
"ENSG00000081189",1549.78518762805,-1.66158627089289,0.371530262417467,3.163102867011e-07,7.64290002079644e-05,"MEF2C","arginase 2","protein_coding"
"ENSG00000087589",173.427215356219,3.51153055381156,0.661588988273322,4.93345423727687e-09,2.64933553655016e-06,"CASS4","aurora kinase A","protein_coding"
"ENSG00000090447",122.398520734403,-1.25017875045305,0.27145502356472,1.98341229524336e-07,5.480492441264e-05,"TFAP4","mitochondrial E3 ubiquitin protein ligase 1","protein_coding"
"ENSG00000091129",93.3065386525204,1.51415698646011,0.48338392640803,6.46382672428828e-05,0.00455787812830942,"NRCAM","pseudouridine synthase 7","protein_coding"
"ENSG00000097046",272.006170768104,-1.05373843103106,0.273725328399855,5.44595439698163e-06,0.000699940323277313,"CDC7","SH3 domain containing GRB2 like, endophilin B1","protein_coding"
"ENSG00000099365",98.8759737492483,1.8606063826083,0.659026523570209,0.000152589988615376,0.00812469686158092,"STX1B","F-box and leucine rich repeat protein 19","protein_coding"
"ENSG00000099822",88.64842295454,1.0457928361116,0.355468977377879,0.000131980455263491,0.00738194385890428,"HCN2","RNA polymerase mitochondrial","protein_coding"
"ENSG00000100784",137.982042454964,-1.29484820834765,0.562907094216089,0.000653557638147189,0.0225595647971492,"RPS6KA5","papilin, proteoglycan like sulfated glycoprotein","protein_coding"
"ENSG00000101280",22.0562650504407,2.3750510656511,0.715334220192054,3.73831578370144e-05,0.00307393527673139,"ANGPT4","ribosomal protein S10 pseudogene 5","protein_coding"
"ENSG00000102524",1506.50533634901,1.28852932233674,0.616066421023444,0.00104683379690329,0.0308531907306435,"TNFSF13B","Nedd4 family interacting protein 2","protein_coding"
"ENSG00000103485",606.972354991528,1.33608908508525,0.44361410079784,9.78828338944193e-05,0.00591277571944889,"QPRT","RB transcriptional corepressor like 2","protein_coding"
"ENSG00000104447",1710.63032635006,-1.05332412202961,0.24687743847221,9.54094993744898e-07,0.00018591515566285,"TRPS1","armadillo repeat containing 1","protein_coding"
"ENSG00000106031",142.870477596437,-5.39289937198814,0.995340290493401,2.44235627188405e-09,1.4277542051317e-06,"HOXA13","single stranded DNA binding protein 1","protein_coding"
"ENSG00000106069",260.163836237111,1.46422259183192,0.414583581484034,1.82085943693806e-05,0.00174080779087476,"CHN2","carboxypeptidase vitellogenic like","protein_coding"
"ENSG00000106236",47.1180530726997,-4.2133558145851,0.651676446842236,5.90117693455296e-12,6.29065461223346e-09,"NPTX2","heat shock protein family B (small) member 1","protein_coding"
"ENSG00000108405",704.644948426066,2.28642122263765,0.640740025261532,1.52125726154453e-05,0.00154877663447809,"P2RX1","tripartite motif containing 37","protein_coding"
"ENSG00000108511",36.4811820999475,3.19487218216187,0.770721121175754,1.35281434867321e-06,0.00024720148014861,"HOXB6","mediator complex subunit 13","protein_coding"
"ENSG00000108813",30.9371704686965,-2.0649428587368,0.799957483032973,0.000290836218578298,0.013014608983192,"DLX4","enhancer of zeste 1 polycomb repressive complex 2 subunit","protein_coding"
"ENSG00000109062",693.712051195811,-1.27500791665798,0.245070685804685,9.47668923271341e-09,4.7704600632009e-06,"NHERF1","recoverin","protein_coding"
"ENSG00000110002",1366.31317922066,-1.31946254953034,0.145619222706386,7.09959565878691e-21,3.21647181321341e-17,"VWA5A","heat shock protein family A (Hsp70) member 8","protein_coding"
"ENSG00000110660",114.577456871776,-1.02584655319561,0.52755287335103,0.00149360808936729,0.0388338103235496,"SLC35F2","CD81 molecule","protein_coding"
"ENSG00000110665",103.075574235848,-5.25968009022014,2.32270103208922,3.09876882418984e-05,0.0026310376888173,"C11orf21","solute carrier family 35 member F2","protein_coding"
"ENSG00000110693",78.3892771545163,-1.04827692666678,0.596138417388503,0.00200829915319844,0.0466498398782864,"SOX6","ELMO domain containing 1","protein_coding"
"ENSG00000111325",51.2900203602556,1.09365624426431,0.372541444859104,0.000134307376306067,0.00740446002281779,"OGFOD2","lymphotoxin beta receptor","protein_coding"
"ENSG00000111981",147.818412422341,-1.97888797233746,0.569520879452203,1.81614919917352e-05,0.00174080779087476,"ULBP1","uronyl 2-sulfotransferase","protein_coding"
"ENSG00000112299",356.66358878882,1.6924160654581,0.877804742533408,0.00160844354596493,0.0403177446087433,"VNN1","crystallin beta-gamma domain containing 1","protein_coding"
"ENSG00000113532",1097.51219025753,-1.4282721091835,0.551947620823674,0.000317514495694409,0.0136999945023192,"ST8SIA4","RAD50 double strand break repair protein","protein_coding"
"ENSG00000113749",712.024433970844,-3.61464510526653,0.544301088039322,1.82014474113728e-12,2.35604735706356e-09,"HRH2","cytoplasmic polyadenylation element binding protein 4","protein_coding"
"ENSG00000113924",11.4418707358375,3.13628395393697,0.928274712238804,3.05914877183905e-05,0.00262738834328281,"HGD","BCL6 transcription repressor","protein_coding"
"ENSG00000114541",2129.15376745637,-1.0858832423477,0.47286131296478,0.000717342485970772,0.0238526248270868,"FRMD4B","chromosome 3 open reading frame 52","protein_coding"
"ENSG00000115009",13.1782771706112,4.14063485295677,0.814112911471286,5.62713655229528e-08,1.99950918824892e-05,"CCL20","interleukin 1 alpha","protein_coding"
"ENSG00000115107",2101.15899978855,-1.27146511732119,0.348619481972972,1.00054021070363e-05,0.00110856116378753,"STEAP3","actin related protein 3","protein_coding"
"ENSG00000115457",2418.22833575212,2.10630433792108,0.463108942277537,2.28419358654721e-07,5.91345088220123e-05,"IGFBP2","unc-50 inner nuclear membrane RNA binding protein","protein_coding"
"ENSG00000115896",266.697267948294,-1.06558640635956,0.450178338281425,0.000604223521124664,0.0211384916019714,"PLCL1","syndecan 1","protein_coding"
"ENSG00000116985",94.714951772664,-2.91516310462154,0.836996815173358,1.55516280028502e-05,0.00157445029423269,"BMP8B","5-methyltetrahydrofolate-homocysteine methyltransferase","protein_coding"
"ENSG00000116991",797.437696920868,-1.02154601481403,0.50130558152299,0.00123420964624909,0.0343042135112361,"SIPA1L2","MYCL proto-oncogene, bHLH transcription factor","protein_coding"
"ENSG00000117266",557.887469836226,-1.56478858957774,0.523252864634815,0.000103694887739287,0.00612103829189365,"CDK18","G protein-coupled receptor 89A","protein_coding"
"ENSG00000118515",13936.4201295486,1.0453297490569,0.436305403055547,0.000584618933303083,0.0207328068675508,"SGK1","aldehyde dehydrogenase 8 family member A1","protein_coding"
"ENSG00000119927",1238.67156627352,1.21554955471875,0.373220128663746,4.55422677864613e-05,0.00349710583400954,"GPAM","interferon induced protein with tetratricopeptide repeats 2","protein_coding"
"ENSG00000120075",30.6176743438902,3.5459499363375,0.690718149731434,1.40999417924022e-08,6.38797862904781e-06,"HOXB5","KAT8 regulatory NSL complex subunit 1","protein_coding"
"ENSG00000120093",312.599022264814,2.54698379258766,0.645402643011757,2.98881841834116e-06,0.00044396202768179,"HOXB3","homeobox B5","protein_coding"
"ENSG00000121552",786.937059085125,1.46181879127542,0.484462196076276,9.37615836698561e-05,0.00575982176022079,"CSTA","SEC22 homolog A, vesicle trafficking protein","protein_coding"
"ENSG00000121957",506.940792511892,-1.08486218290127,0.350195358149636,7.94168342892496e-05,0.00514475249106639,"GPSM2","chloride channel CLIC like 1","protein_coding"
"ENSG00000123080",639.784144146518,-1.06406594638828,0.2689297737488,3.62778352575006e-06,0.000494305962809342,"CDKN2C","mediator complex subunit 13L","protein_coding"
"ENSG00000123892",72.1971913508643,-1.68171971192739,0.511502343945335,3.91793633403356e-05,0.00314163018784762,"RAB38","zinc finger protein 137, pseudogene","protein_coding"
"ENSG00000124191",43.1018741141051,1.81813399178748,0.532231683792055,2.43906401830703e-05,0.002210035906988,"TOX2","phospholipase C gamma 1","protein_coding"
"ENSG00000124749",375.367572537687,-3.48012972207913,0.801932038877066,4.93415879690337e-07,0.00011039114286109,"COL21A1","kelch like family member 31","protein_coding"
"ENSG00000125355",200.295256731517,-1.49987958210079,0.710480561313044,0.000888310571349889,0.0273999606589432,"TMEM255A","septin 6","protein_coding"
"ENSG00000125384",432.396050305133,-1.4426828333343,0.741464173577153,0.00121826344524596,0.0340175194988403,"PTGER2","bone morphogenetic protein 4","protein_coding"
"ENSG00000126562",78.7537301244456,2.33883556827195,0.738675146934974,5.04077924104225e-05,0.00380620839192366,"WNK4","signal transducer and activator of transcription 5A","protein_coding"
"ENSG00000128342",4495.23892383004,1.7874245527062,0.518085242789386,2.10111117512226e-05,0.00193280897033328,"LIF","Rac family small GTPase 2","protein_coding"
"ENSG00000128422",99.6841161821131,1.8647668861167,0.362570494735918,1.25729534306555e-08,5.99597531764049e-06,"KRT17","RIB43A domain with coiled-coils 2","protein_coding"
"ENSG00000128655",50.0497725793886,2.24374661152321,0.839200846425114,0.0002182452665085,0.0106811970143094,"PDE11A","metaxin 2","protein_coding"
"ENSG00000130303",1172.88384090616,1.2530757729566,0.712753657939803,0.00179482992668004,0.0434137016383753,"BST2","GTP binding protein 3, mitochondrial","protein_coding"
"ENSG00000130592",4723.38290247056,-1.90106845396902,0.602339079875679,5.00512830897109e-05,0.00379510189184829,"LSP1","sterile alpha motif domain containing 10","protein_coding"
"ENSG00000130762",38.4038259464212,1.53062122340811,0.539571244660661,0.000168914273515825,0.00864707475890897,"ARHGEF16","mitogen-activated protein kinase kinase kinase 10","protein_coding"
"ENSG00000131400",11.1784202402511,1.92610139919416,0.862476802736409,0.00114386293878741,0.0326957163670432,"NAPSA","potassium voltage-gated channel subfamily C member 3","protein_coding"
"ENSG00000131668",226.97531990169,-3.88619816521001,1.11796864029558,1.44784866621981e-05,0.001482367996002,"BARX1","TNF receptor associated factor 7","protein_coding"
"ENSG00000132359",387.221322563518,-1.17502998883026,0.281639604319033,1.36409601671234e-06,0.00024720148014861,"RAP1GAP2","caspase recruitment domain family member 6","protein_coding"
"ENSG00000132821",79.3263122709212,2.19551459708023,0.368302951128338,1.14840613148661e-10,9.4597345067274e-08,"VSTM2L","RNA binding motif protein 38","protein_coding"
"ENSG00000132965",2290.77685063463,1.8300495023141,0.698104554688361,0.000515587428504962,0.0192252579822365,"ALOX5AP","cyclin dependent kinase 8","protein_coding"
"ENSG00000133055",37.8720187967187,-1.74790519480503,0.736413746197354,0.000702168770702245,0.0236201061207841,"MYBPH","chitinase 3 like 1","protein_coding"
"ENSG00000134802",1533.61034217042,-1.14914572814079,0.44263259360485,0.000325013279054453,0.0139365653765081,"SLC43A3","diacylglycerol lipase alpha","protein_coding"
"ENSG00000135218",1422.72419871384,1.70768142880478,0.519739275160718,3.52005205024167e-05,0.00293964899790228,"CD36","transmembrane protein 60","protein_coding"
"ENSG00000135472",134.817890482175,-1.88322258121878,0.914318165966914,0.000901277986824317,0.027636141585838,"FAIM2","coenzyme Q10A","protein_coding"
"ENSG00000136275",11.3384823525564,2.34594263331096,0.858707201165624,0.00031231736849367,0.0135701594133432,"PKD1L1-AS1","NAC alpha domain containing","lncRNA"
"ENSG00000136367",159.956539405762,1.41756136577917,0.47199299868073,9.77994560227815e-05,0.00591277571944889,"ZFHX2","tetratricopeptide repeat domain 5","protein_coding"
"ENSG00000137142",46.4587469054836,1.28548282038443,0.571548089900464,0.000752820519255888,0.0246701870704434,"IGFBPL1","Rho guanine nucleotide exchange factor 39","protein_coding"
"ENSG00000137869",164.885568779996,-3.52981624729041,0.796792313755179,3.58912898032907e-07,8.4470383612368e-05,"CYP19A1","signaling receptor and transporter of retinol STRA6","protein_coding"
"ENSG00000138798",106.827194624708,1.77142802359059,0.374334579882866,1.00243715402785e-07,3.18704668513908e-05,"EGF","hydroxyacyl-CoA dehydrogenase","protein_coding"
"ENSG00000138829",872.403356425839,-1.6444505227934,0.953470719210693,0.00163859012198998,0.0405884336265426,"FBN2","microsomal triglyceride transfer protein","protein_coding"
"ENSG00000138834",3603.54248540229,1.05473890387197,0.207711522153389,2.0212673362143e-08,8.32486515156262e-06,"MAPK8IP3","fibrillin 2","protein_coding"
"ENSG00000138964",1258.00562736488,-3.21744343645911,0.481237316242496,2.31607382657455e-12,2.7981259923456e-09,"PARVG","shisa like 1","protein_coding"
"ENSG00000139220",50.3402141691459,-1.86539132013656,0.752531624334441,0.000381844471104085,0.0154115490096842,"PPFIA2","SR-related CTD associated factor 11","protein_coding"
"ENSG00000139946",421.6832555008,-1.16420962984542,0.406918538426899,0.000159680729275076,0.00833929157326492,"PELI2","FERM domain containing 6","protein_coding"
"ENSG00000141682",193.689156949739,-1.20232499640713,0.581262460260842,0.00106577994214055,0.0312020421833134,"PMAIP1","F-box protein 15","protein_coding"
"ENSG00000142494",310.78659212942,-1.12236782613116,0.660254895181518,0.00211221117408962,0.047940187074935,"SLC47A1","ecotropic viral integration site 5 like","protein_coding"
"ENSG00000142621",156.938721607592,1.74314826959525,0.562211675494949,7.04489043284166e-05,0.00472842608977617,"FHAD1","PR/SET domain 16","protein_coding"
"ENSG00000142623",101.331869830104,2.54091302164163,0.791254090097226,4.32022785944636e-05,0.00337461936503823,"PADI1","forkhead associated phosphopeptide binding domain 1","protein_coding"
"ENSG00000143127",1795.90187685072,-1.09266803122387,0.431860199223198,0.000400374688412479,0.0159148507480354,"ITGA10","cadherin EGF LAG seven-pass G-type receptor 2","protein_coding"
"ENSG00000143199",8.69556191889716,3.39181633477645,1.00110723109327,9.06982620116042e-05,0.0056288832334736,"ADCY10","microsomal glutathione S-transferase 3","protein_coding"
"ENSG00000143631",1733.83843432837,4.07428606562337,0.598901929137087,4.37383753565169e-13,7.20569852918908e-10,"FLG","integrator complex subunit 3","protein_coding"
"ENSG00000144191",17.4319817485756,2.82315717275951,1.10989587761895,0.000298152003571488,0.0132105393856296,"CNGA3","lipoyltransferase 1","protein_coding"
"ENSG00000144218",327.174607371231,-1.58415485537032,0.511763031066736,6.8762835645563e-05,0.00470234002856186,"AFF3","lysozyme g1","protein_coding"
"ENSG00000144339",13.9327804574799,-2.44149183545922,1.14612823398718,0.000837934680983979,0.0264547949282085,"TMEFF2","zinc finger protein 385B","protein_coding"
"ENSG00000144354",101.113877300918,-2.28387528495116,0.604936655242048,5.86958902914818e-06,0.000730891806549799,"CDCA7","transmembrane protein with EGF like and two follistatin like domains 2","protein_coding"
"ENSG00000145244",47.0108977111316,1.48131963666479,0.692698376413649,0.000888923238910473,0.0273999606589432,"CORIN","EPH receptor A5","protein_coding"
"ENSG00000146072",1081.25252343748,1.6393126037542,0.64328757138257,0.000327596565290813,0.0139687175440003,"TNFRSF21","phospholipase A2 group VII","protein_coding"
"ENSG00000146592",640.180305242218,-1.0316385999454,0.583019135987058,0.00196369392268382,0.0462156639829562,"CREB5","RB associated KRAB zinc finger","protein_coding"
"ENSG00000146966",40.3730146674146,-2.12840027623361,0.812264008143384,0.000250285412857499,0.01172156949729,"DENND2A","LUC7 like 2, pre-mRNA splicing factor","protein_coding"
"ENSG00000147231",50.8950535415147,-1.98932316216331,0.591053458462736,2.6761568898074e-05,0.00236572269058974,"RADX","phosphoribosyl pyrophosphate synthetase 1","protein_coding"
"ENSG00000147862",535.976962421292,-1.1092310404856,0.460379459926857,0.000532515466088669,0.0195745340293283,"NFIB","ubiquitin like with PHD and ring finger domains 2","protein_coding"
"ENSG00000147883",1626.71573892485,1.98433023069131,0.343433046663662,3.52337250036041e-10,2.55402225806125e-07,"CDKN2B","HAUS augmin like complex subunit 6","protein_coding"
"ENSG00000148677",8398.29651441933,1.30809766895851,0.574521735118892,0.000681544960530362,0.0231204828376611,"ANKRD1","calcium/calmodulin dependent protein kinase II gamma","protein_coding"
"ENSG00000148948",51.6804883592504,-1.45745214426126,0.835665100488209,0.00176318493731776,0.0428316855684616,"LRRC4C","solute carrier family 5 member 12","protein_coding"
"ENSG00000149201",84.1589100351299,1.21840499187384,0.493541095113637,0.000454618376773907,0.017584940691128,"CCDC81","CUGBP Elav-like family member 1","protein_coding"
"ENSG00000151006",142.774871851867,1.13102137225449,0.502450601819054,0.000782913439849057,0.0252637781870963,"PRSS53","ubiquitin C","protein_coding"
"ENSG00000151388",1266.40011208756,1.55603722945992,0.512615811044648,8.59477508185824e-05,0.00542698655168763,"ADAMTS12","NADH:ubiquinone oxidoreductase subunit C2","protein_coding"
"ENSG00000152154",45.7681668661673,1.6344261945467,0.511329760858478,5.63545995174568e-05,0.00416840021410348,"TMEM178A","heat shock protein family B (small) member 8","protein_coding"
"ENSG00000152270",490.776536866473,-2.93193787204503,0.687423514500207,7.71708558329694e-07,0.00015713373588821,"PDE3B","SPC25 component of NDC80 kinetochore complex","protein_coding"
"ENSG00000152689",1042.0949015747,1.52099080717805,0.664891944422195,0.000715810098908659,0.0238454239198947,"RASGRP3","solute carrier family 30 member 6","protein_coding"
"ENSG00000153253",244.933401341521,-2.91734324430082,0.511784644735174,5.11906361935049e-10,3.4358396633285e-07,"SCN3A","phospholipase A2 receptor 1","protein_coding"
"ENSG00000153993",27.2254086961489,-3.32929518883632,0.70424030502455,1.00060669904213e-07,3.18704668513908e-05,"SEMA3D","glycerophosphodiester phosphodiesterase domain containing 1","protein_coding"
"ENSG00000155511",66.6724199634992,-3.42774926188307,0.833968128817446,1.46164471223115e-06,0.000259685543873067,"GRIA1","La ribonucleoprotein 1, translational regulator","protein_coding"
"ENSG00000155754",161.982832011698,1.19233600808684,0.2429259619371,4.53198326631828e-08,1.67609389290245e-05,"C2CD6","hyccin PI4KA lipid kinase complex subunit 2","protein_coding"
"ENSG00000156140",163.575020081,-1.46094086620941,0.647358469467582,0.000668071366399522,0.0228861801548056,"ADAMTS3","basic leucine zipper ATF-like transcription factor","protein_coding"
"ENSG00000156427",15.8924531260753,-2.28156701602006,1.30763410787212,0.00158800425596505,0.0400356543783161,"FGF18","ATP synthase membrane subunit j","protein_coding"
"ENSG00000157554",236.497554634234,-3.74139391152247,0.877246500072987,6.83015183714843e-07,0.000145618837168005,"ERG","potassium inwardly rectifying channel subfamily J member 6","protein_coding"
"ENSG00000157557",1049.02764522503,-1.39425261701988,0.398412287091614,1.78648793206576e-05,0.00174080779087476,"ETS2","potassium inwardly rectifying channel subfamily J member 15","protein_coding"
"ENSG00000158008",860.725677489549,3.27932629402991,0.58141636490856,7.22775444735915e-10,4.51659883086353e-07,"EXTL1","ankyrin repeat domain 61","protein_coding"
"ENSG00000158286",310.879762806034,1.10288114431658,0.62518933126891,0.00197487206233047,0.0463503592321593,"RNF207","calsyntenin 2","protein_coding"
"ENSG00000158406",64.564171991864,1.20886419326316,0.254140401268313,9.8954734823727e-08,3.18704668513908e-05,"H4C8","H2B clustered histone 5","protein_coding"
"ENSG00000158560",183.38217254859,1.54567201764656,0.492040984863,6.1488024860883e-05,0.00443938640051364,"DYNC1I1","zinc finger AN1-type containing 2B","protein_coding"
"ENSG00000158683",26.6208058950671,1.87969316538793,0.667940300526027,0.000215213932349142,0.0105981165272586,"PKD1L1","EMSY transcriptional repressor, BRCA2 interacting","protein_coding"
"ENSG00000159217",196.28082333535,-1.20385447085976,0.530868213986026,0.000709323855633394,0.0236984627571803,"IGF2BP1","coiled-coil domain containing 24","protein_coding"
"ENSG00000159423",1134.828929688,1.12295696840441,0.221209490068912,1.93371755805073e-08,8.32486515156262e-06,"ALDH4A1","complement C1r","protein_coding"
"ENSG00000160447",119.0557503665,-1.77261722516739,0.363522677370815,4.76800274381457e-08,1.72811491446815e-05,"PKN3","zyg-11 related cell cycle regulator","protein_coding"
"ENSG00000160838",22.1752394208756,2.73147228022709,0.981008196503112,0.000165161195618381,0.00850298632669402,"LRRC71","protein phosphatase 1 regulatory subunit 35","protein_coding"
"ENSG00000162267",8.18655375784893,3.4178796673713,1.00754841319463,5.62584613628963e-05,0.00416840021410348,"ITIH3","solute carrier family 25 member 45","protein_coding"
"ENSG00000162496",1411.23317253248,1.07801382980043,0.304618469848143,1.81301739502482e-05,0.00174080779087476,"DHRS3","podoplanin","protein_coding"
"ENSG00000162591",8073.3630322858,1.00164021137318,0.320689204267453,7.77450221490222e-05,0.00512325560503484,"MEGF6","matrix remodeling associated 8","protein_coding"
"ENSG00000162616",2958.60731857853,1.0401212089261,0.295751506501612,1.96530589271676e-05,0.00184065459987802,"DNAJB4","far upstream element binding protein 1","protein_coding"
"ENSG00000162630",283.112311166045,1.55008023198274,0.394214665808699,3.49408487698849e-06,0.000485033216126081,"B3GALT2","tRNA-yW synthesizing protein 3 homolog","protein_coding"
"ENSG00000163710",1121.39951554793,-1.61285444881078,0.506018758015093,5.0914635461431e-05,0.00382852706984254,"PCOLCE2","cysteine rich with EGF like domains 1","protein_coding"
"ENSG00000164093",609.102964871259,3.84733422906619,0.503331024900239,9.35015144610949e-16,2.42062063580566e-12,"PITX2","protein phosphatase, Mg2+/Mn2+ dependent 1M","protein_coding"
"ENSG00000164106",339.629556777287,-2.74982520924589,0.711942591340738,3.89637874346922e-06,0.000519192467567274,"SCRG1","high mobility group box 2","protein_coding"
"ENSG00000164107",59.5405115234219,-7.77143402077522,1.04673577121158,2.85140985971823e-13,5.72482015546042e-10,"HAND2","Sin3A associated protein 30","protein_coding"
"ENSG00000164509",59.5871833447121,-1.64309012569374,0.609319992160918,0.000264105945046562,0.0120861816569035,"IL31RA","decaprenyl diphosphate synthase subunit 2","protein_coding"
"ENSG00000164649",492.697777107188,-1.14862267739234,0.335606054926047,2.56262754085247e-05,0.00228698027218887,"CDCA7L","solute carrier family 29 member 4","protein_coding"
"ENSG00000164659",110.17351863818,-1.46421825492198,0.701592016383106,0.000952935423687234,0.0287818262467668,"ELAPOR2","cell division cycle associated 7 like","protein_coding"
"ENSG00000164949",894.17554523073,-1.13196930746288,0.582203069123207,0.00139474372076243,0.0370829287731756,"GEM","vir like m6A methyltransferase associated","protein_coding"
"ENSG00000164983",1152.79733455731,-1.03603526272519,0.194169341949903,4.97061076275828e-09,2.64933553655016e-06,"TMEM65","myogenesis regulating glycosidase","protein_coding"
"ENSG00000165084",70.6333359998841,2.11007492362767,0.92474275529044,0.000563354793913874,0.0204182311506145,"C8orf34","MAM domain containing 2","protein_coding"
"ENSG00000165323",80.5102590821513,-2.2314687812111,0.862223849173374,0.000263032787049106,0.0120794200769247,"FAT3","OTU deubiquitinase 1","protein_coding"
"ENSG00000166341",513.637796964856,-2.72884677038198,0.602697079581911,2.12694751658136e-07,5.58616563702717e-05,"DCHS1","TATA-box binding protein associated factor 10","protein_coding"
"ENSG00000166448",235.561919611403,2.1261438264634,0.5234988673373,1.92369146643976e-06,0.000322788303285383,"TMEM130","DENN domain containing 2B","protein_coding"
"ENSG00000166507",51.9637129890201,1.53058656352412,0.403025220930954,6.56074409604209e-06,0.000792625363389832,"NDST2","protein kinase C beta","protein_coding"
"ENSG00000166532",1359.88119428611,1.00043704060892,0.248511084289127,2.82733397795889e-06,0.000423445837591496,"RIMKLB","zinc finger and SCAN domain containing 21","protein_coding"
"ENSG00000166689",232.737066116139,2.02512716149929,0.441398985760292,1.99598554863384e-07,5.480492441264e-05,"PLEKHA7","transmembrane serine protease 5","protein_coding"
"ENSG00000167549",522.932858661199,1.2472228405196,0.5248802011157,0.000553695929486338,0.0201487502693804,"CORO6","tumor protein p53 inducible protein 13","protein_coding"
"ENSG00000167641",425.896637706384,2.87741679223528,0.745919635434165,4.13899315105613e-06,0.000543527781764052,"PPP1R14A","zinc finger protein 146","protein_coding"
"ENSG00000167680",2906.05274259356,-1.53460405531549,0.772706319587255,0.00208896408993791,0.0477379662520237,"SEMA6B","HDGF like 2","protein_coding"
"ENSG00000168334",13.065486309698,3.25659036664771,0.995176304849922,5.6160283677849e-05,0.00416840021410348,"XIRP1","interferon regulatory factor 2","protein_coding"
"ENSG00000168779",445.268984535309,-1.61528100133176,0.806656936643319,0.00104547586144961,0.0308531907306435,"SHOX2","tet methylcytosine dioxygenase 2","protein_coding"
"ENSG00000168916",197.168894889464,-1.05533707398429,0.475538640220295,0.000854215973739403,0.026852271289822,"ZNF608","methionine adenosyltransferase 2A","protein_coding"
"ENSG00000169247",43.3580215903199,1.31050721465747,0.565667510261744,0.000628091301725278,0.0217634236517505,"SH3TC2","C-X-C motif chemokine ligand 10","protein_coding"
"ENSG00000169252",125.62113864304,-1.18966098589176,0.553274494668133,0.00093651314074593,0.0285715338999962,"ADRB2","zinc finger CCCH-type, RNA binding motif and serine/arginine rich 2","protein_coding"
"ENSG00000169429",4334.04332582166,1.37870939218202,0.729434943818756,0.00180308863730461,0.0435094171574356,"CXCL8","ribonuclease A family member 6","protein_coding"
"ENSG00000170498",19.4522518977049,5.76562013035311,1.34814029858065,2.26287108003114e-06,0.000366140622431466,"KISS1","solute carrier family 23 member 1","protein_coding"
"ENSG00000171049",157.544728502269,2.14589868846142,0.555690779882134,7.18251631561181e-06,0.000856326057049455,"FPR2","XK related 6","protein_coding"
"ENSG00000171617",6659.38933220753,2.36380944566486,0.483271510418669,4.33074843529106e-08,1.63503798217385e-05,"ENC1","pre T cell antigen receptor alpha","protein_coding"
"ENSG00000172020",109.674370083835,-1.6605804819547,0.700236569736921,0.000488577454610754,0.0184074857223619,"GAP43","RAB33B, member RAS oncogene family","protein_coding"
"ENSG00000172889",297.751640500448,1.03329142892865,0.602837542278439,0.00222812453922464,0.0499728624997883,"EGFL7","methionyl aminopeptidase type 1D, mitochondrial","protein_coding"
"ENSG00000173262",40.5192350838317,2.6094834635936,1.19150975677792,0.0011941207410749,0.0335767357852539,"SLC2A14","zinc finger protein 483","protein_coding"
"ENSG00000173391",817.1170214813,2.88433555087557,0.880580358901413,4.14350518240058e-05,0.00326472177893319,"OLR1","complement C1q A chain","protein_coding"
"ENSG00000173559",6381.22404650617,1.09345429900464,0.358294342028604,8.8280624437062e-05,0.00555493568072374,"NABP1","chondroitin sulfate proteoglycan 4","protein_coding"
"ENSG00000173917",322.560940837519,2.04122119429985,0.385189761716197,5.25212107700992e-09,2.71939823307353e-06,"HOXB2","RNA binding motif protein 4B","protein_coding"
"ENSG00000174945",148.829428951913,1.48348425822033,0.754837976892246,0.0012147728077821,0.033972396331215,"AMZ1","potassium channel tetramerization domain containing 13","protein_coding"
"ENSG00000175265",780.081168018173,1.50824393127137,0.495790338836862,8.52294671963742e-05,0.00542651628289297,"GOLGA8A","ciliated left-right organizer protein containing ZP-N domains","protein_coding"
"ENSG00000176171",2806.95829207431,1.05361043164557,0.15286261290218,3.15904434138639e-13,5.72482015546042e-10,"BNIP3","forkhead box G1","protein_coding"
"ENSG00000177822",52.4163833887043,1.84963861998479,0.720091735791558,0.000302593713786411,0.0133097167020324,"TENM3-AS1","myozenin 1","lncRNA"
"ENSG00000178038",612.576422397883,2.10801338185171,0.223367266327345,1.91586600869332e-22,1.15731079365134e-18,"ALS2CL","ADAMTS like 1","protein_coding"
"ENSG00000178726",2698.94174313325,-1.98139554527105,0.511273810683414,4.0123608639314e-06,0.000530744551650839,"THBD","ribonuclease P and MRP subunit p25","protein_coding"
"ENSG00000178776",120.969314698108,2.75278503970692,0.440191555600209,1.83951965526406e-11,1.85198751070529e-08,"C5orf46","zinc fingers and homeoboxes 2","protein_coding"
"ENSG00000179455",14.1490765546701,5.39401593834367,1.07361390455528,2.84444805661004e-07,7.06124488792975e-05,"MKRN3","gem nuclear organelle associated protein 4","protein_coding"
"ENSG00000180318",25.8104576735449,6.31244599615782,1.38562013420373,7.32247640413982e-07,0.00015429990394863,"ALX1","CNEP1R1 pseudogene 1","protein_coding"
"ENSG00000180353",4343.0042879787,-1.45168427182615,0.512877826543661,0.000157019058637334,0.00824782429166888,"HCLS1","potassium channel tetramerization domain containing 4","protein_coding"
"ENSG00000180573",498.664299650379,1.07335892229529,0.317513456123695,3.17897956717464e-05,0.00267951012634134,"H2AC6","ring finger protein 182","protein_coding"
"ENSG00000180596",22.7818303521495,1.42865570446987,0.743662210810512,0.00139557209045943,0.0370829287731756,"H2BC4","H2A clustered histone 6","protein_coding"
"ENSG00000181104",2021.89573290868,-1.61996734509778,0.285817462289986,6.72834174712888e-10,4.35467889790963e-07,"F2R","olfactory receptor family 52 subfamily N member 4","protein_coding"
"ENSG00000181409",244.837916919399,1.36628135929449,0.490535647105664,0.000215892971829865,0.0106027437276445,"AATK","DExD/H-box 60 like","protein_coding"
"ENSG00000181541",210.264136583318,-9.0504048117229,0.986440359638683,2.13596997796247e-20,7.74160958812718e-17,"MAB21L2","GLRX5 pseudogene 1","protein_coding"
"ENSG00000181656",20.421526512465,-2.76761079918371,0.739034575857559,7.53340069709746e-06,0.000889240895649272,"GPR88","purinergic receptor P2Y13","protein_coding"
"ENSG00000181781",9.69166870922523,2.45878187203999,0.742681257766716,4.42606051408737e-05,0.00341315185686346,"CIMAP1D","macrophage immunometabolism regulator","protein_coding"
"ENSG00000181790",43.6054736164245,3.16441967907147,1.34913307608271,0.00120177252487175,0.0337128818819285,"ADGRB1","transmembrane protein 252","protein_coding"
"ENSG00000182013",258.681833101038,-1.24119784267172,0.672918288507674,0.0015914123096788,0.0400549637166655,"PNMA8A","coiled-coil domain containing 149","protein_coding"
"ENSG00000182585",465.523359137369,2.51954849700645,0.821118117911664,6.63132742017828e-05,0.00460432626469236,"EPGN","CSGALNACT2 pseudogene 1","protein_coding"
"ENSG00000182742",116.310870315471,2.459107040977,0.613625800624193,2.36747196939335e-06,0.000376344973941634,"HOXB4","IgA inducing protein","protein_coding"
"ENSG00000183378",13.0018623478177,2.13836509183165,0.954550380506703,0.000709649614336693,0.0236984627571803,"OVCH2","coiled-coil domain containing 125","protein_coding"
"ENSG00000183421",109.142887049947,-1.17516045693684,0.654550155868412,0.00178435378773512,0.0432300258574008,"RIPK4","synapse differentiation inducing 1 like","protein_coding"
"ENSG00000183486",889.913560497254,1.14940366487624,0.508208993025672,0.000748605613030039,0.0246211087465161,"MX2","polycystin 1, transient receptor potential channel interacting pseudogene 3","protein_coding"
"ENSG00000183691",46.5310994250745,1.42413464035663,0.80141746495396,0.00174148027761442,0.0424181526759792,"NOG","chemerin chemokine-like receptor 2","protein_coding"
"ENSG00000184254",1107.23366826764,1.38979772209674,0.625103952783098,0.000752740639517873,0.0246701870704434,"ALDH1A3","interleukin 1 receptor associated kinase 1","protein_coding"
"ENSG00000184374",22.6579850856504,1.76354111083263,0.740773271869523,0.000682565849141854,0.0231204828376611,"COLEC10","ephrin A5","protein_coding"
"ENSG00000184702",18.5949409610867,1.47923310136083,0.675612983525421,0.000851353678696987,0.0268317067223422,"SEPTIN5","APC membrane recruitment protein 1","protein_coding"
"ENSG00000185585",813.541392787031,-1.77692317138711,0.679739036248754,0.000257266083045109,0.0118933060126109,"OLFML2A","protein kinase cGMP-dependent 1","protein_coding"
"ENSG00000186352",220.445911065915,1.80219226833456,0.456456259995912,3.21199020922096e-06,0.000465138903977998,"ANKRD37","PRELI domain containing 2","protein_coding"
"ENSG00000186684",208.943914055823,-1.12389751933284,0.574577506639142,0.00138296438044165,0.0368560007387699,"CYP27C1","proline rich 5","protein_coding"
"ENSG00000187796",115.750513536745,1.28542433480265,0.515567979921578,0.000427810159589055,0.0168144187341033,"CARD9","dynein axonemal heavy chain 17","protein_coding"
"ENSG00000187837",230.879502694281,1.26470362114827,0.284364140441858,4.05045522548624e-07,9.17529369953271e-05,"H1-2","platelet endothelial aggregation receptor 1","protein_coding"
"ENSG00000188517",97.6107614724779,2.73764591198918,0.747331782772425,8.80457191646366e-06,0.00101628313547869,"COL25A1","serpin family A member 5","protein_coding"
"ENSG00000188710",13.2657207324886,1.71297007539817,0.920128915788697,0.00157694993361273,0.0400356543783161,"QRFP","solute carrier family 4 member 5","protein_coding"
"ENSG00000189056",245.762055110669,-4.3830315479826,0.826132262894425,4.39233100907913e-09,2.48743195457913e-06,"RELN","zinc finger protein 567","protein_coding"
"ENSG00000196154",2544.05477345853,-3.78367159504783,0.344150547487475,1.21849024489691e-29,2.20814802180219e-25,"S100A4","aldo-keto reductase family 1 member C3","protein_coding"
"ENSG00000196932",142.982993361855,-1.31148299689061,0.582542537767728,0.000709536466601229,0.0236984627571803,"TMEM26","ankyrin repeat domain 36B","protein_coding"
"ENSG00000197358",24.8821634187465,2.02922292708334,0.645568639926652,6.38076969776799e-05,0.00453460033188045,"BNIP3P1","pellino E3 ubiquitin protein ligase 1","transcribed_processed_pseudogene"
"ENSG00000197506",1301.80844505004,1.09070258446984,0.409018884337644,0.000299327432908214,0.0132302725345431,"SLC28A3","protocadherin beta 11","protein_coding"
"ENSG00000197852",965.266072204055,1.1847357320677,0.391274286850858,9.26504309123777e-05,0.00571092213943574,"INKA2","occludin","protein_coding"
"ENSG00000198056",130.37171632515,-1.02834600202322,0.397565345407281,0.000359532488394844,0.0147742579471459,"PRIM1","zinc finger protein 84","protein_coding"
"ENSG00000198113",877.444937157399,-1.12336441203558,0.358801880865841,6.94415389512387e-05,0.00471318190589643,"TOR4A","SFI1 centrin binding protein","protein_coding"
"ENSG00000198218",63.3984600663455,1.05151136143017,0.394672901098769,0.000310211599506986,0.0135627766307851,"QRICH1","SZT2 subunit of KICSTOR complex","protein_coding"
"ENSG00000198576",26.8797847769928,-3.47437756105191,0.804411060768459,6.63995287921738e-07,0.000143249078663306,"ARC","WD repeat and HMG-box DNA binding protein 1","protein_coding"
"ENSG00000198795",563.398856900254,-1.98528220685484,0.588258702739526,2.57446184486552e-05,0.00228698027218887,"ZNF521","mitochondrially encoded NADH:ubiquinone oxidoreductase core subunit 5","protein_coding"
"ENSG00000199053",22.8830531170915,1.41660946091774,0.399200523643345,1.78014777378925e-05,0.00174080779087476,"MIR324","armadillo repeat containing X-linked 6","miRNA"
"ENSG00000203805",106.386897367505,1.37505257414196,0.697940692741063,0.00122893526758384,0.0342627152602376,"PLPP4","fibronectin type III and ankyrin repeat domains 1","protein_coding"
"ENSG00000203875",504.289618648411,1.94505050476637,0.322978096854399,8.07265313864823e-11,6.9663152465992e-08,"SNHG5","pancreatic lipase related protein 3","lncRNA"
"ENSG00000203995",9.97540953812543,-2.86036577838083,0.952949286253775,0.000121567275968619,0.00701605788249464,"ZYG11A","long intergenic non-protein coding RNA 632","protein_coding"
"ENSG00000204291",1214.16032760591,-3.33296499902838,0.895723591349681,6.21607020500278e-06,0.000756024323859465,"COL15A1","collagen type V alpha 2 chain","protein_coding"
"ENSG00000204941",655.468570801812,2.38677722883191,0.854153937570296,0.00015141913932193,0.00811839539287577,"PSG5","ubiquinol-cytochrome c reductase complex assembly factor 3","protein_coding"
"ENSG00000205364",18.364313765502,-2.00865017291128,0.59073940242302,2.89384247272681e-05,0.00252793688393749,"MT1M","proline rich 13","protein_coding"
"ENSG00000206754",10.5086058631702,1.6802957756838,0.820442994273123,0.0012906032530697,0.0352764889172384,"SNORD101","THUMPD3 antisense RNA 1","snoRNA"
"ENSG00000207870",33.4022056126185,2.29842981135317,0.454100454098295,1.97911754713461e-08,8.32486515156262e-06,"MIR221","microRNA 222","miRNA"
"ENSG00000213071",14.2880331365474,2.11885884409783,0.699326514452864,9.59132641492624e-05,0.00585232381452166,"LPAL2","ribosomal protein L5 pseudogene 5","transcribed_unprocessed_pseudogene"
"ENSG00000213462",416.214379865926,1.24156478648621,0.441268711477193,0.000180082775842905,0.00906516684395869,"ERV3-1","ribosomal protein L17 pseudogene 34","protein_coding"
"ENSG00000214193",599.837681731276,1.28462534850226,0.478070711956305,0.000248633472135865,0.0117032098234965,"SH3D21","ENAH pseudogene 1","protein_coding"
"ENSG00000215386",111.415125147905,-1.08460111818861,0.522456872546957,0.00112177921775905,0.0323193688143554,"MIR99AHG","DEAD-box helicase 3 X-linked","lncRNA"
"ENSG00000215788",224.495173673782,1.71369328969346,0.601246811702405,0.000144689707471604,0.00781851391629394,"TNFRSF25","KLHL12 pseudogene 1","protein_coding"
"ENSG00000223813",12.4953447556234,2.59352287226965,0.746794143023894,2.19688628957232e-05,0.00200060167535827,"PRR15-DT","SUPT20H like 1","lncRNA"
"ENSG00000224945",12.4296971426258,2.40615759778655,0.957576054143056,0.000386276735563349,0.0155557933375089,"","ribosomal protein L29 pseudogene 11","lncRNA"
"ENSG00000225383",226.480205092838,2.57409730381469,0.649391698700786,2.7745129295558e-06,0.000418997694245085,"SFTA1P","armadillo repeat containing 8 pseudogene 1","lncRNA"
"ENSG00000225434",116.506254709857,1.65819809994491,0.609814047636955,0.000223610557351344,0.0108639960330323,"LINC01504",NA,"lncRNA"
"ENSG00000228340",151.446249888803,1.4163496229389,0.392650274056924,1.29152784659549e-05,0.00136470152655627,"MIR646HG","novel transcript","lncRNA"
"ENSG00000228509",168.075986430324,2.39556467499352,0.5060492439571,9.26917482029453e-08,3.11066640913662e-05,"","EF-hand calcium binding domain 14 pseudogene 1","lncRNA"
"ENSG00000228526",752.873341748318,1.03323080807179,0.529447749946565,0.00148467650255206,0.038750101107052,"MIR34AHG","CHMP3 and RNF103 antisense RNA 1","lncRNA"
"ENSG00000229124",52.4135044968159,1.01164822356495,0.321380000994861,7.88032799623465e-05,0.00513695337941598,"VIM-AS1","MCFD2 antisense RNA 1","lncRNA"
"ENSG00000230838",638.317707668674,1.10991789028563,0.397918898097771,0.000202517218157601,0.0100000463963271,"LINC01614","novel pseudogene","lncRNA"
"ENSG00000231231",79.7298555919031,-3.75026819206997,0.936168321532956,2.10981255953137e-06,0.000344450659493941,"LINC01423","DEAH (Asp-Glu-Ala-His) box polypeptide 29 (DHX29) pseudogene","lncRNA"
"ENSG00000231233",19.1296636016379,-2.69849758526559,1.09029649269007,0.00191867957204713,0.0456176229094159,"CFAP58-DT","heat shock factor binding protein 1","lncRNA"
"ENSG00000231672",12.1554940671478,2.67551153240345,0.748856495685021,2.52890576544078e-05,0.00226875397432266,"DIRC3","novel transcript","lncRNA"
"ENSG00000231721",693.549788062713,1.07633368564925,0.218232610093875,4.19043259544492e-08,1.62917283169341e-05,"LINC-PINT","DST antisense RNA 1","lncRNA"
"ENSG00000233101",16.905495526447,6.52376632222427,1.42720820348802,1.43363274674229e-07,4.19036978007479e-05,"HOXB-AS3","nuclear casein kinase and cyclin dependent kinase substrate 1 pseudogene 1","lncRNA"
"ENSG00000233381",13.7604558198337,1.68913934530921,0.669973900528041,0.00040941419702126,0.0162350198652501,"AK4P3","novel transcript","protein_coding"
"ENSG00000233429",130.076577170308,1.61503224786065,0.491882795947739,3.83079370694696e-05,0.00309918051595057,"HOTAIRM1","UBE2E2 divergent transcript","lncRNA"
"ENSG00000234147",34.541209366428,4.12722338565252,1.13863018968869,1.10904107450679e-05,0.00121072544290435,"",NA,"lncRNA"
"ENSG00000234840",20.0601509749406,2.32579810379798,1.20060084384302,0.00113057802539364,0.0324336472037599,"LINC01239","toll like receptor 12, pseudogene","lncRNA"
"ENSG00000235385",19.3911768048303,3.3025322029981,1.01392866014796,7.02745977948691e-05,0.00472842608977617,"LINC02154","COX20 pseudogene 2","lncRNA"
"ENSG00000235400",34.1951332043773,-1.07499074463387,0.626558672947149,0.0021770377431166,0.0491923665595499,"","PRC2 and DDX5 associated lncRNA","processed_pseudogene"
"ENSG00000235688",64.3298756199538,1.83297914792895,0.630611302183095,0.000125349735910936,0.00710673366332008,"SNTG2-AS1","FAU pseudogene 1","lncRNA"
"ENSG00000235890",22.1120711068365,1.76104865065013,0.921566241478062,0.00150206209717837,0.0389418731402953,"TSPEAR-AS1","UBE2R2 antisense RNA 1","lncRNA"
"ENSG00000237125",60.5127763988543,-7.78486062571417,1.06879107718432,6.24505150837936e-13,9.43106861957089e-10,"HAND2-AS1","proteasome 26S subunit, ATPase 3 pseudogene 1","lncRNA"
"ENSG00000237471",71.6268729835381,2.37325250305239,0.95494761114583,0.000341000409605514,0.0143300989579616,"","ZKSCAN7 ZNF cluster antisense RNA 1","lncRNA"
"ENSG00000238273",75.4060587021628,1.37236239524949,0.580589516444371,0.000537275533604405,0.0197095287853827,"","NOTCH1 associated lncRNA in T cell acute lymphoblastic leukemia 1","lncRNA"
"ENSG00000242265",670.640159652189,-2.27390820900724,0.889113762965301,0.000266282634160322,0.0121550979754493,"PEG10","long intergenic non-protein coding RNA 2614","protein_coding"
"ENSG00000245275",138.519730122426,1.39745895099379,0.523795616069353,0.000253612983521936,0.0117845499676526,"SAP30L-AS1","novel transcript, antisense to ERVW-1 and PEX1","lncRNA"
"ENSG00000247095",33.0626445678309,8.56518666594304,3.02460334443059,7.69711193911013e-07,0.00015713373588821,"MIR210HG","RNF139 divergent transcript","lncRNA"
"ENSG00000248429",252.544165496379,2.44715134771286,0.238495988779684,6.13027318272497e-26,5.55464053086709e-22,"GASK1B-AS1","RGMB antisense RNA 1","lncRNA"
"ENSG00000248810",181.505675794879,-2.3909228920458,0.74532833186596,4.58204787534008e-05,0.00350362327413135,"LINC02432","novel transcript","lncRNA"
"ENSG00000250067",86.7898901004947,1.22910736163402,0.55009233899341,0.000784325117848331,0.0252637781870963,"YJEFN3","eukaryotic translation elongation factor 1 alpha 1 pseudogene 9","protein_coding"
"ENSG00000250337",97.9595209862818,2.0410927070262,1.17161569125069,0.00152380244605422,0.0392807225140748,"PURPL","novel transcript","lncRNA"
"ENSG00000250644",83.9362522016523,1.1127779869252,0.348445113980337,5.96403334343155e-05,0.00433446963421032,"","CDC42 pseudogene 4","protein_coding"
"ENSG00000251320",16.8479614583041,2.33218015351883,0.990945559845431,0.000565531088432069,0.0204561963763791,"","keratin 8 pseudogene 33","lncRNA"
"ENSG00000253163",10.7440835197276,2.62560906832389,0.996223010068699,0.000291224649613629,0.013014608983192,"","TMED7-TICAM2 readthrough","lncRNA"
"ENSG00000253552",78.1579578712246,2.22221684938815,0.539977050745397,1.554619259599e-06,0.000270892405985125,"HOXA-AS2","long intergenic non-protein coding RNA 2201","lncRNA"
"ENSG00000253658",46.2425455330406,2.58330130282224,0.850805719962424,7.38260516440125e-05,0.00491866069078233,"LINC01592","unc-93 homolog B7 (pseudogene)","lncRNA"
"ENSG00000258168",241.322009158711,2.99078892588776,0.510321277656327,2.04029053539691e-10,1.54058937843595e-07,"PTPRB-AS1","LIM zinc finger domain containing 3","lncRNA"
"ENSG00000258424",25.0507397124812,1.06776596987871,0.530980037856815,0.00150200494544511,0.0389418731402953,"","zinc finger BED-type containing 6","lncRNA"
"ENSG00000260001",23.5579080826582,1.52257084485137,0.534693695251725,0.000192741389085304,0.00962220234987294,"TGFBR3L","PLCB2 antisense RNA 1","protein_coding"
"ENSG00000260027",155.546549471822,3.2748560055882,0.494327703827989,1.60626324782036e-12,2.23913096746158e-09,"HOXB7","novel transcript","protein_coding"
"ENSG00000261115",533.654066463192,2.71486240827696,0.444987660412117,4.75109841778731e-11,4.30497027635708e-08,"TMEM178B","TMEM263 divergent transcript","protein_coding"
"ENSG00000261270",24.5062096541291,1.52089716050979,0.503341144712589,0.000103145174564416,0.00610848644920373,"HERPUD1-IT1","novel transcript, antisense to GAN","lncRNA"
"ENSG00000261786",764.439594627989,1.68574954533936,0.65754677338288,0.000315366233689169,0.0136397777730671,"","novel transcript, overlapping to EIF4EBP1","lncRNA"
"ENSG00000265107",13.7030762452772,4.57457598290771,1.85154751046652,0.000475808866641558,0.0180012698982846,"GJA5","chromosome 17 open reading frame 114","protein_coding"
"ENSG00000267123",20.7982270603076,4.22599237388293,2.5041830334564,0.000721503081836946,0.023891656276049,"SCAT1","ring finger protein 115","lncRNA"
"ENSG00000267519",1215.54820024765,1.67316973011388,0.327662559800466,1.51876796298045e-08,6.7129543963736e-06,"MIR23AHG","long intergenic non-protein coding RNA 1443","lncRNA"
"ENSG00000268812",70.5626235214344,2.62302513933054,0.51254168109737,1.37502043154096e-08,6.38797862904781e-06,"LIF-AS2","SEC24 homolog A pseudogene 1","lncRNA"
"ENSG00000270069",717.089623845158,1.2662161513227,0.321659927083058,3.6677891159946e-06,0.000496027420597419,"MIR222HG","ZNF143 antisense RNA 1","lncRNA"
"ENSG00000272574",18.5309847705047,2.05136803651032,0.768589043312139,0.000252750629487233,0.0117746707135415,"","PRKACB divergent transcript","lncRNA"
"ENSG00000273521",13.8478231208564,2.27498326167184,0.746380701677821,9.65583239215897e-05,0.00587191257082902,"","MEST intronic transcript 1, antisense RNA","lncRNA"
"ENSG00000275894",11.56908300833,3.70227345566386,1.05193891257869,3.57408460124571e-05,0.00297108078641169,"","ring finger protein 145 (Rnf145) pseudogene","lncRNA"
"ENSG00000277290",10.8743596301969,1.66845556041598,0.856169259126637,0.00156583895962449,0.0398808529048839,"","novel transcript","processed_pseudogene"
"ENSG00000277702",10.7243521718451,-3.41794993249037,0.83495289986024,3.08090767727952e-06,0.000453920397785849,"","novel transcript, sense intronic to ZNF423","transcribed_unprocessed_pseudogene"
"ENSG00000278530",12.8287418924005,-4.1659571277162,1.26966025630056,5.69585988516585e-05,0.00419595011540551,"CHMP1B2P","novel transcript","transcribed_unitary_pseudogene"
"ENSG00000279086",53.4066939196667,2.39431442755278,0.693696823609236,1.97046127566679e-05,0.00184065459987802,"","novel transcript","TEC"
"ENSG00000279520",71.150950985171,1.39141664431593,0.373619261610305,9.07305774320446e-06,0.00102878159161285,"","novel transcript","TEC"
"ENSG00000279649",34.3588683338151,1.13426682322375,0.541070790035312,0.00111171463432491,0.0321556806708359,"","novel transcript","TEC"
"ENSG00000280287",19.3559041227122,1.00684753744128,0.467255405517822,0.00110040931482337,0.0320090170196293,"","TEC","TEC"
"ENSG00000280385",76.2258082918534,-1.35729104069735,0.31609252991227,7.91769660097946e-07,0.000159427219781055,"","TEC","TEC"
"ENSG00000280407",31.0690714773338,1.15018613310171,0.550846172933929,0.00111432333413999,0.0321556806708359,"","TEC","TEC"
"ENSG00000280435",210.991677944947,1.58502438751043,0.738832978421138,0.000835186624560393,0.0264140523739676,"","TEC","TEC"
"ENSG00000281207",25.2374439750383,1.42605156587234,0.619015979731195,0.00067701610408449,0.0230809960110716,"SLFNL1-AS1","TEC","lncRNA"
"ENSG00000284669",59.92871415389,1.6624447356377,0.431404349637903,5.16736471826282e-06,0.000668878453031134,"","novel transcript","lncRNA"
"ENSG00000286039",60.1673467845732,-2.35256413872807,0.788072406726598,8.94436258881013e-05,0.00560864148215976,"","novel transcript","lncRNA"
"ENSG00000287575",9.5211694733881,2.40960787805579,0.82446527844736,0.000169875249023163,0.00867177257126128,"","novel transcript, antisense to FZD6","lncRNA"
"ENSG00000288781",224.694505339018,1.62129501782991,0.671138788602213,0.000455100826847977,0.017584940691128,"","novel transcript, sense intronic to CD302and LY75-CD302","lncRNA"
"ENSG00000288838",39.3801106479271,-1.78008512262845,0.676112361961619,0.000330659242298039,0.0140004831516941,"","novel transcript, antisense to RAD51B","lncRNA"
"ENSG00000291049",71.4742256527002,1.2388606530458,0.305301397461584,2.39225199180661e-06,0.000376977309526256,"","novel transcript","lncRNA"
"ENSG00000291258",11.0626847283643,3.72273474432915,0.983588062725833,1.02611526397007e-05,0.00112698550385852,"",NA,NA
